customer_id,first_name,last_name,date_of_birth,region,segment,join_date
CUST00001,Ruth,Griffiths,1990-12-24,South East,Mass Market,2021-03-11
CUST00002,Duncan,Wilson,1990-08-20,Wales,Mass Market,2018-04-04
CUST00003,Sian,Cox,1977-08-18,North West,Mass Affluent,2017-12-29
CUST00004,Marie,Oliver,1942-07-18,South East,Mass Affluent,2018-02-09
CUST00005,Charlie,Barnes,1981-06-26,London,Mass Market,2016-12-18
CUST00006,Chelsea,Ryan,1984-09-27,Scotland,Mass Market,2025-10-14
CUST00007,Samantha,Quinn,1980-08-13,London,Mass Affluent,2021-03-31
CUST00008,Thomas,Reed,1951-05-20,West Midlands,Mass Market,2023-09-15
CUST00009,Maurice,White,1955-03-03,Wales,Premier,2022-03-29
CUST00010,Timothy,Green,1947-02-05,London,Premier,2022-08-15
CUST00011,Leigh,Butler,1995-06-11,North West,Mass Affluent,2017-04-02
CUST00012,Kelly,Wilkinson,2006-09-26,Yorkshire,Mass Market,2022-12-15
CUST00013,Jason,Fisher,1996-12-15,Scotland,Student,2022-09-01
CUST00014,Melissa,Lucas,1945-04-01,Yorkshire,Mass Market,2017-04-17
CUST00015,Irene,Wilson,1960-03-17,West Midlands,Mass Market,2017-11-14
CUST00016,Donald,Taylor,1966-05-21,Yorkshire,Mass Affluent,2021-03-30
CUST00017,Sandra,Woods,1965-05-05,London,Mass Affluent,2019-04-13
CUST00018,Lauren,Evans,1986-02-14,South East,Student,2021-01-20
CUST00019,Rita,Cross,1984-08-13,West Midlands,Mass Market,2017-09-23
CUST00020,Tina,Thomson,1976-11-12,Wales,Premier,2020-09-05
CUST00021,Ben,Hall,1958-11-20,Yorkshire,Mass Affluent,2025-12-27
CUST00022,Gerald,Richardson,1997-11-15,South East,Mass Market,2017-06-19
CUST00023,Bernard,Fuller,1995-04-20,Scotland,Premier,2021-11-18
CUST00024,Joanne,Phillips,1954-11-16,South East,Student,2026-03-01
CUST00025,Guy,Kelly,1974-06-28,South East,Mass Market,2023-03-31
CUST00026,Carly,Hale,1958-07-17,East of England,Mass Affluent,2018-11-21
CUST00027,Louis,Morris,1977-03-12,Yorkshire,Mass Market,2020-12-25
CUST00028,Fiona,Rowe,1980-03-23,Yorkshire,Mass Market,2023-04-23
CUST00029,Linda,Lloyd,2008-05-25,Wales,Mass Affluent,2018-11-13
CUST00030,Natasha,Hughes,1991-12-13,South East,Mass Affluent,2017-04-25
CUST00031,Jamie,Gould,1951-05-28,North West,Mass Affluent,2023-09-12
CUST00032,Jodie,Collins,1966-06-27,Scotland,Mass Market,2024-06-23
CUST00033,Debra,Smith,1978-03-01,West Midlands,Mass Market,2016-09-16
CUST00034,Gail,Atkinson,1986-11-28,Scotland,Mass Affluent,2025-08-25
CUST00035,Vincent,Read,1963-09-01,London,Mass Market,2018-05-31
CUST00036,Billy,Williams,1971-05-24,London,Premier,2016-07-27
CUST00037,Marcus,Page,1992-05-14,West Midlands,Mass Market,2019-07-22
CUST00038,Kathleen,Walker,1999-10-03,Scotland,Student,2021-08-04
CUST00039,Ruth,Buckley,1954-01-19,Yorkshire,Mass Market,2019-02-11
CUST00040,Karen,Carter,1977-03-22,East of England,Mass Market,2025-07-15
CUST00041,David,Anderson,1973-10-07,East of England,Mass Market,2016-11-05
CUST00042,Nathan,Murray,2000-04-24,North West,Mass Market,2021-09-29
CUST00043,Shane,Tomlinson,2000-04-07,Wales,Mass Affluent,2026-03-02
CUST00044,Jason,Cunningham,1973-08-03,West Midlands,Student,2017-09-10
CUST00045,Stacey,Miller,1949-04-03,West Midlands,Mass Market,2024-08-07
CUST00046,Georgina,O'Brien,1976-06-04,North West,Mass Affluent,2023-09-18
CUST00047,Phillip,Murray,1991-11-30,South East,Premier,2019-12-08
CUST00048,Graeme,Matthews,1986-03-23,South East,Mass Market,2022-11-13
CUST00049,Jennifer,Lyons,1971-03-29,North West,Premier,2018-07-28
CUST00050,Louis,Wilson,1963-07-11,West Midlands,Mass Affluent,2016-11-14
CUST00051,Joan,Naylor,1980-07-23,West Midlands,Mass Market,2020-04-05
CUST00052,Thomas,Hammond,1983-06-19,East of England,Mass Affluent,2017-07-07
CUST00053,Bernard,Townsend,1942-08-27,London,Mass Affluent,2022-02-19
CUST00054,Steven,Lewis,1959-06-20,South East,Mass Affluent,2024-10-09
CUST00055,Allan,Powell,1989-09-28,Wales,Premier,2026-03-25
CUST00056,Melissa,Jones,1993-11-28,Yorkshire,Mass Market,2024-07-23
CUST00057,Jane,Bates,1947-02-11,West Midlands,Mass Market,2023-11-06
CUST00058,Owen,Davison,1972-04-18,London,Student,2017-06-08
CUST00059,Ellie,Lambert,1984-06-27,Wales,Student,2018-03-10
CUST00060,Benjamin,Ahmed,1963-08-10,North West,Mass Affluent,2018-05-16
CUST00061,Frederick,Bates,1977-01-04,South East,Student,2024-02-23
CUST00062,Bradley,Oliver,1959-06-22,Wales,Premier,2024-05-20
CUST00063,Frederick,Gardiner,1945-08-24,Scotland,Mass Market,2024-01-20
CUST00064,Georgina,Gibson,1984-11-23,North West,Mass Affluent,2025-09-17
CUST00065,Stephen,Morgan,2003-07-22,London,Mass Affluent,2020-07-14
CUST00066,Mohammed,Stevenson,1973-04-10,East of England,Mass Market,2020-02-25
CUST00067,Joanne,Poole,1951-09-21,Yorkshire,Student,2022-12-17
CUST00068,Paul,Robinson,1958-07-25,Wales,Mass Market,2024-04-03
CUST00069,Mitchell,Davison,2005-08-30,Scotland,Student,2025-12-20
CUST00070,Irene,Edwards,1951-01-19,South East,Mass Market,2019-09-29
CUST00071,Bryan,Lloyd,1944-06-30,East of England,Premier,2026-05-14
CUST00072,Joanna,Long,1961-11-09,North West,Mass Market,2017-06-27
CUST00073,Adam,Jackson,1974-09-26,East of England,Student,2025-07-20
CUST00074,Charles,George,1975-01-28,North West,Mass Market,2017-11-16
CUST00075,Christian,Rees,1945-02-21,West Midlands,Student,2020-07-07
CUST00076,Sophie,Baldwin,2001-02-06,Scotland,Mass Affluent,2026-03-16
CUST00077,Louis,Jackson,1943-03-22,West Midlands,Student,2017-11-28
CUST00078,Samantha,Moss,1978-12-24,Yorkshire,Mass Market,2025-05-29
CUST00079,Guy,Hudson,1954-06-01,East of England,Mass Market,2021-11-10
CUST00080,Shane,Phillips,1949-06-03,Scotland,Mass Market,2021-08-14
CUST00081,Clare,Saunders,1991-09-06,London,Mass Affluent,2017-09-30
CUST00082,John,Hale,2008-06-17,Scotland,Mass Affluent,2026-02-03
CUST00083,Oliver,Ford,1955-01-08,London,Mass Market,2025-02-13
CUST00084,Arthur,Daniels,1964-04-07,London,Mass Market,2017-09-07
CUST00085,Duncan,Charlton,1951-04-02,London,Student,2023-12-20
CUST00086,Paige,Campbell,1982-02-21,South East,Mass Affluent,2025-07-06
CUST00087,John,King,1978-04-04,Wales,Mass Affluent,2021-08-10
CUST00088,Cheryl,Webb,2000-04-09,Scotland,Mass Affluent,2018-10-19
CUST00089,Arthur,Clark,1947-10-20,East of England,Mass Market,2025-12-04
CUST00090,Dean,Sharpe,1981-09-04,East of England,Premier,2020-02-05
CUST00091,Glenn,Martin,1983-09-05,Scotland,Mass Market,2021-01-02
CUST00092,Leanne,Jones,2002-02-15,West Midlands,Mass Market,2017-05-18
CUST00093,Colin,Thomson,1996-12-14,West Midlands,Mass Market,2021-03-22
CUST00094,Samuel,Harper,1992-12-28,London,Mass Affluent,2018-09-27
CUST00095,Kim,Robinson,1951-07-07,South East,Mass Market,2024-01-12
CUST00096,Lynn,Cole,1978-09-08,Yorkshire,Premier,2016-09-05
CUST00097,Nathan,Tucker,2000-08-11,South East,Mass Market,2019-01-19
CUST00098,Janice,Fowler,1965-08-22,Scotland,Mass Affluent,2026-06-04
CUST00099,Lynn,Kennedy,1949-03-10,North West,Mass Market,2017-03-23
CUST00100,Mohammad,Hargreaves,2004-01-06,Wales,Mass Market,2017-03-11
CUST00101,Sarah,Kelly,1957-07-01,South East,Mass Market,2018-04-06
CUST00102,Owen,Porter,2000-09-06,South East,Mass Market,2023-06-06
CUST00103,Jasmine,Morris,2003-07-07,London,Student,2020-07-17
CUST00104,Ben,Simpson,1995-09-09,Scotland,Mass Market,2019-07-12
CUST00105,Amy,Jennings,1990-08-22,East of England,Mass Market,2022-03-02
CUST00106,Victoria,Roberts,1999-04-26,West Midlands,Student,2020-09-26
CUST00107,Vincent,Walsh,1988-03-28,North West,Mass Market,2018-05-09
CUST00108,Margaret,Carr,1998-12-11,West Midlands,Mass Market,2024-07-09
CUST00109,Ross,Ryan,2003-01-07,East of England,Mass Market,2024-05-06
CUST00110,Bruce,Rogers,1994-08-22,East of England,Mass Market,2020-05-21
CUST00111,Francis,Brown,1953-08-29,Wales,Mass Market,2023-04-17
CUST00112,Hugh,White,1945-03-29,London,Mass Affluent,2021-04-06
CUST00113,Bruce,Hart,1967-09-19,London,Mass Affluent,2025-08-20
CUST00114,Mohamed,Singh,1948-05-13,London,Mass Market,2020-12-16
CUST00115,Antony,Jackson,2007-06-13,East of England,Mass Affluent,2021-01-11
CUST00116,Ian,Griffiths,1970-02-02,North West,Mass Market,2022-05-25
CUST00117,Terry,Williams,2007-06-30,South East,Student,2025-03-19
CUST00118,Connor,Cooper,1979-10-03,South East,Mass Affluent,2019-10-01
CUST00119,Conor,Thomas,1970-03-11,Scotland,Mass Market,2016-07-17
CUST00120,Maria,Bennett,1977-02-27,Scotland,Mass Affluent,2019-11-13
CUST00121,Julie,Williams,2005-02-01,London,Mass Affluent,2022-02-17
CUST00122,Sara,Sinclair,1998-03-23,West Midlands,Mass Affluent,2018-08-20
CUST00123,Clifford,O'Sullivan,1985-11-24,Yorkshire,Student,2023-06-18
CUST00124,Toby,Ahmed,1960-08-20,Scotland,Mass Affluent,2025-12-11
CUST00125,Scott,Lucas,1985-10-06,Yorkshire,Mass Market,2022-12-18
CUST00126,Sian,Morris,1952-05-11,West Midlands,Mass Market,2026-03-13
CUST00127,Josh,Stevenson,1997-04-02,Wales,Mass Market,2016-07-09
CUST00128,Leon,Hussain,1969-10-08,South East,Mass Market,2026-05-19
CUST00129,Lynda,Waters,1972-02-28,South East,Mass Market,2024-01-12
CUST00130,Angela,Davies,1975-04-21,Scotland,Mass Affluent,2024-07-25
CUST00131,Leslie,Slater,1959-10-30,North West,Student,2025-04-13
CUST00132,Cheryl,Parkinson,1963-04-30,South East,Student,2018-02-07
CUST00133,Damian,Davies,1955-10-21,Yorkshire,Mass Market,2019-11-26
CUST00134,Sean,Jennings,1957-03-06,East of England,Premier,2024-08-06
CUST00135,Kathryn,Baker,1945-06-22,Wales,Mass Affluent,2024-04-05
CUST00136,Elizabeth,Shah,1979-09-10,London,Mass Affluent,2019-10-28
CUST00137,Bethan,Cooper,1967-09-18,Wales,Student,2020-08-31
CUST00138,Sean,Lynch,1940-11-22,South East,Student,2018-04-30
CUST00139,Diane,Lloyd,1995-03-28,North West,Mass Market,2025-04-29
CUST00140,Gillian,Parker,1957-06-22,South East,Mass Affluent,2018-07-31
CUST00141,Caroline,Browne,1972-02-19,North West,Mass Market,2025-07-20
CUST00142,Yvonne,Wright,2005-03-02,Scotland,Mass Affluent,2024-01-17
CUST00143,Molly,Sharp,2001-03-21,Scotland,Mass Affluent,2025-02-06
CUST00144,Rachel,Burke,1977-10-19,Wales,Mass Affluent,2024-02-06
CUST00145,Sam,Reid,1972-10-26,Wales,Student,2024-03-03
CUST00146,Garry,Mitchell,1997-09-01,London,Mass Market,2021-03-26
CUST00147,Maria,Jones,1956-10-18,West Midlands,Premier,2021-03-09
CUST00148,Chloe,Hamilton,1959-12-17,London,Mass Market,2020-07-03
CUST00149,Abdul,Goodwin,2001-04-15,North West,Mass Affluent,2025-09-14
CUST00150,Jonathan,Khan,1956-04-03,Wales,Mass Market,2023-01-12
CUST00151,Annette,Gould,1955-01-28,East of England,Mass Affluent,2017-08-10
CUST00152,Elizabeth,Miles,1977-06-10,West Midlands,Mass Affluent,2024-06-10
CUST00153,Elizabeth,Farmer,1997-03-12,South East,Mass Market,2023-08-30
CUST00154,Janet,Franklin,1980-04-06,North West,Mass Affluent,2016-11-05
CUST00155,Beverley,Palmer,1940-12-01,Yorkshire,Mass Affluent,2022-07-01
CUST00156,Joel,Mitchell,1998-08-05,North West,Mass Market,2023-08-23
CUST00157,Shannon,Morris,1977-09-06,London,Mass Market,2020-04-07
CUST00158,Holly,Lloyd,1970-03-05,London,Student,2024-10-10
CUST00159,Matthew,McCarthy,1986-01-12,Scotland,Mass Affluent,2023-05-24
CUST00160,Roger,Gray,2003-02-03,South East,Mass Market,2018-09-08
CUST00161,Brenda,Wilkinson,2002-03-26,West Midlands,Student,2023-03-21
CUST00162,Jenna,Armstrong,1942-05-12,North West,Student,2017-12-10
CUST00163,Carly,Rowe,1999-07-04,Scotland,Student,2024-05-14
CUST00164,Justin,Parker,1966-04-25,North West,Student,2022-01-31
CUST00165,Phillip,Murphy,1963-06-26,London,Mass Market,2022-12-18
CUST00166,Ricky,Mitchell,1997-02-16,Yorkshire,Premier,2023-09-08
CUST00167,Howard,Lee,1972-07-09,West Midlands,Premier,2016-11-04
CUST00168,Sheila,Barnett,2005-04-18,Scotland,Mass Market,2022-06-20
CUST00169,Francis,Brooks,1993-09-05,South East,Mass Market,2017-03-14
CUST00170,Robert,Wells,1954-01-31,London,Student,2016-11-10
CUST00171,Brenda,Wyatt,1949-02-08,Scotland,Mass Market,2024-07-27
CUST00172,Aimee,Clark,2005-01-04,East of England,Mass Market,2020-03-22
CUST00173,Natalie,Harrison,1992-09-14,Scotland,Mass Market,2022-10-16
CUST00174,Mohammed,Butler,2006-02-05,Scotland,Mass Market,2018-06-18
CUST00175,Ben,Arnold,1947-11-15,Wales,Student,2026-05-11
CUST00176,Richard,Murray,1979-09-13,Wales,Mass Market,2022-11-25
CUST00177,Patricia,Howarth,1954-01-05,West Midlands,Mass Affluent,2017-10-22
CUST00178,Jenna,Marshall,1983-03-15,Yorkshire,Student,2020-08-24
CUST00179,Timothy,Harrison,1961-01-14,South East,Student,2018-07-29
CUST00180,Anna,Gill,1964-02-22,Wales,Mass Market,2025-07-30
CUST00181,Anne,Adams,1945-03-17,Wales,Mass Market,2025-02-13
CUST00182,Eileen,Cook,1998-05-01,West Midlands,Mass Market,2023-08-30
CUST00183,Wendy,Webb,2005-11-24,Yorkshire,Mass Market,2022-09-04
CUST00184,Heather,Norman,1971-10-20,South East,Mass Market,2019-02-12
CUST00185,Tracy,Noble,1976-01-09,Scotland,Mass Market,2021-02-09
CUST00186,Amber,Mann,1977-02-20,West Midlands,Mass Market,2024-09-27
CUST00187,Natalie,Williams,1990-04-06,Scotland,Mass Market,2021-01-29
CUST00188,Brandon,Barton,1997-01-17,South East,Student,2017-12-27
CUST00189,Ricky,Wallace,1957-02-10,Yorkshire,Mass Affluent,2024-06-02
CUST00190,Shirley,Morrison,1966-04-22,South East,Mass Affluent,2022-03-28
CUST00191,Matthew,Hughes,1962-08-20,Wales,Mass Affluent,2019-08-10
CUST00192,Holly,Kelly,1994-10-23,West Midlands,Mass Market,2020-11-28
CUST00193,Maurice,White,1981-01-31,Wales,Mass Affluent,2021-03-19
CUST00194,Suzanne,Boyle,2005-01-12,Scotland,Mass Market,2019-10-07
CUST00195,Graham,Smith,1968-03-04,West Midlands,Mass Affluent,2024-10-28
CUST00196,Suzanne,Reed,1987-07-07,North West,Mass Affluent,2024-08-12
CUST00197,Leah,Ellis,1971-01-06,Wales,Mass Market,2016-10-22
CUST00198,Colin,Harris,1968-01-14,London,Mass Market,2020-08-26
CUST00199,Stewart,Adams,1965-08-18,Scotland,Mass Market,2024-07-25
CUST00200,Andrea,Hill,1969-06-21,Yorkshire,Mass Market,2025-11-16
CUST00201,Mohamed,Parsons,1971-05-24,East of England,Mass Affluent,2021-02-14
CUST00202,Stewart,Smith,1948-09-22,East of England,Premier,2019-10-16
CUST00203,Guy,Baldwin,1976-12-24,North West,Mass Affluent,2019-08-31
CUST00204,Alex,Stevens,1973-06-19,Wales,Mass Affluent,2021-03-21
CUST00205,Joan,Stewart,1976-03-20,Yorkshire,Mass Market,2021-04-30
CUST00206,Oliver,Lee,1960-09-04,Scotland,Mass Affluent,2020-05-20
CUST00207,Rebecca,Gardner,1941-06-24,Scotland,Premier,2025-08-07
CUST00208,Malcolm,Robertson,2006-10-26,North West,Mass Market,2017-06-10
CUST00209,Andrea,Harris,2004-10-05,Scotland,Student,2018-08-30
CUST00210,Kim,Taylor,1973-12-02,South East,Mass Market,2018-04-05
CUST00211,James,Allen,1972-06-16,Scotland,Mass Affluent,2024-08-28
CUST00212,Chloe,Cook,2006-03-21,West Midlands,Mass Market,2017-05-22
CUST00213,Howard,Singh,1973-01-10,Scotland,Mass Market,2018-06-15
CUST00214,Gary,Matthews,1945-07-23,London,Student,2026-05-01
CUST00215,Harriet,Holmes,1950-11-04,South East,Premier,2019-01-20
CUST00216,Lynne,Wells,1946-04-25,Scotland,Mass Market,2020-09-26
CUST00217,Terence,Bevan,1968-11-02,East of England,Mass Market,2020-05-09
CUST00218,Zoe,Palmer,2002-05-04,Scotland,Student,2024-01-17
CUST00219,Joel,Taylor,2007-11-21,South East,Mass Market,2023-10-23
CUST00220,Stewart,Pearce,1944-08-13,East of England,Mass Affluent,2018-03-15
CUST00221,Gavin,Johnson,1958-07-11,Yorkshire,Student,2017-11-23
CUST00222,Charles,Smith,1978-01-29,East of England,Mass Affluent,2017-10-16
CUST00223,Charles,Harper,1971-03-05,West Midlands,Premier,2024-07-04
CUST00224,Iain,Higgins,1960-02-14,East of England,Student,2021-04-28
CUST00225,Rita,Taylor,1945-05-12,East of England,Mass Market,2020-06-26
CUST00226,Arthur,Greenwood,1983-01-19,Scotland,Premier,2019-11-18
CUST00227,Diane,Clark,1955-10-25,Wales,Premier,2019-01-18
CUST00228,Vincent,Mason,1945-05-17,East of England,Mass Affluent,2017-07-12
CUST00229,Roger,James,1981-01-03,Wales,Mass Market,2026-03-13
CUST00230,Gerard,Williams,1972-05-30,Wales,Mass Market,2021-09-08
CUST00231,Beth,Ahmed,1959-01-16,Yorkshire,Mass Market,2025-01-10
CUST00232,Sheila,Hughes,1945-12-28,South East,Mass Market,2017-03-11
CUST00233,Ann,Hunter,1981-08-07,Scotland,Mass Market,2020-10-09
CUST00234,Richard,Green,2005-12-22,North West,Mass Affluent,2026-04-20
CUST00235,Kate,Watson,1992-07-23,South East,Mass Market,2021-02-05
CUST00236,Melissa,Thomas,1991-12-25,Yorkshire,Mass Affluent,2019-06-30
CUST00237,Pauline,Reynolds,1970-08-11,West Midlands,Mass Market,2021-03-31
CUST00238,Jeremy,Turner,1970-03-06,West Midlands,Mass Market,2024-11-17
CUST00239,George,Jones,1968-04-21,London,Student,2022-03-09
CUST00240,Danny,Davies,1998-11-20,West Midlands,Mass Market,2019-04-02
CUST00241,Hugh,Ali,1974-03-26,Yorkshire,Mass Market,2021-06-01
CUST00242,Cheryl,Harding,1995-11-18,West Midlands,Student,2025-11-15
CUST00243,Alan,Murphy,1961-12-02,West Midlands,Mass Affluent,2020-10-22
CUST00244,Brandon,Clark,1993-02-01,Scotland,Mass Market,2023-05-23
CUST00245,Katherine,Mason,1940-08-05,Wales,Mass Market,2025-09-29
CUST00246,Bethany,Ali,1953-04-13,London,Mass Market,2025-05-02
CUST00247,Linda,Johnson,1974-06-10,West Midlands,Mass Affluent,2024-01-13
CUST00248,Lee,Martin,1977-11-21,East of England,Student,2018-09-29
CUST00249,Gerard,Williams,1988-01-13,London,Student,2024-10-04
CUST00250,Adrian,Day,1983-05-23,London,Mass Market,2020-08-01
CUST00251,Carolyn,Steele,1978-01-01,West Midlands,Mass Market,2016-09-29
CUST00252,Lynn,Miles,1955-10-22,East of England,Mass Market,2018-06-12
CUST00253,Bethany,May,1984-08-04,Wales,Mass Market,2019-02-18
CUST00254,Dawn,Begum,1960-05-18,Scotland,Mass Market,2025-03-04
CUST00255,Diana,Robertson,1997-04-27,Yorkshire,Premier,2024-09-21
CUST00256,Megan,Smith,1978-01-11,West Midlands,Mass Market,2018-12-22
CUST00257,Jacqueline,Bates,1981-04-21,West Midlands,Mass Market,2025-02-28
CUST00258,Barry,Taylor,1959-04-26,South East,Mass Market,2023-07-29
CUST00259,Maurice,McDonald,1975-01-25,London,Student,2021-01-22
CUST00260,Paul,Bird,1960-10-31,Yorkshire,Mass Market,2026-05-19
CUST00261,Katy,Jones,1950-08-18,South East,Premier,2024-02-10
CUST00262,Shannon,Jones,1963-02-20,London,Premier,2025-11-26
CUST00263,Paige,Patel,2003-12-31,Scotland,Mass Market,2021-12-27
CUST00264,Roy,Robinson,1956-10-07,London,Mass Affluent,2026-03-30
CUST00265,Jacqueline,Barnes,1993-04-17,Scotland,Mass Market,2023-07-03
CUST00266,Samuel,Stephens,1972-09-13,South East,Mass Affluent,2022-12-31
CUST00267,Emma,Scott,1994-06-10,Scotland,Mass Market,2019-02-07
CUST00268,Olivia,Arnold,1949-02-08,Wales,Premier,2025-01-22
CUST00269,Marie,Ross,1947-05-07,North West,Mass Affluent,2024-01-02
CUST00270,Oliver,Carey,1971-08-12,South East,Premier,2016-10-10
CUST00271,Gareth,Bolton,1985-01-27,North West,Student,2019-02-21
CUST00272,Keith,Jones,2006-06-21,South East,Mass Affluent,2021-01-08
CUST00273,Declan,Johnson,1967-07-26,Wales,Mass Affluent,2017-11-18
CUST00274,Hugh,Davis,1998-12-30,West Midlands,Mass Market,2025-08-04
CUST00275,Jessica,Watson,1983-03-04,Scotland,Mass Market,2024-10-25
CUST00276,Joanna,Fowler,1945-03-04,Scotland,Mass Market,2020-07-04
CUST00277,Julia,Richardson,1960-01-27,Wales,Student,2020-05-20
CUST00278,George,Williams,1947-03-20,South East,Premier,2018-03-23
CUST00279,Louise,Thompson,1960-11-23,London,Mass Market,2017-01-02
CUST00280,Jordan,Duncan,1944-05-02,West Midlands,Mass Affluent,2021-07-03
CUST00281,Sarah,Patel,1950-06-04,South East,Mass Affluent,2020-09-01
CUST00282,Melanie,Ali,1986-11-30,Yorkshire,Mass Market,2019-07-30
CUST00283,Ronald,Jarvis,1981-12-29,West Midlands,Premier,2023-01-09
CUST00284,Jasmine,Richardson,1974-05-20,South East,Mass Market,2018-12-13
CUST00285,Dale,Hall,1957-10-19,Yorkshire,Mass Affluent,2024-05-01
CUST00286,Conor,King,2001-09-08,East of England,Mass Affluent,2024-06-05
CUST00287,Gerard,Davies,1951-04-08,West Midlands,Mass Market,2017-10-08
CUST00288,Angela,Harding,2007-09-23,Wales,Mass Affluent,2021-08-08
CUST00289,Ruth,Hunt,1987-06-29,East of England,Mass Market,2020-10-08
CUST00290,Caroline,Brady,1954-01-27,Wales,Mass Market,2023-01-22
CUST00291,Pamela,Dean,1966-06-20,Scotland,Premier,2026-03-30
CUST00292,Sarah,Allen,2008-01-26,South East,Mass Market,2021-07-15
CUST00293,Daniel,Stewart,1985-04-23,East of England,Mass Market,2023-04-01
CUST00294,Henry,Bailey,1999-05-21,East of England,Mass Affluent,2017-05-07
CUST00295,Lynda,Morris,1997-03-11,West Midlands,Mass Market,2021-05-20
CUST00296,Bernard,Jenkins,1964-06-28,East of England,Student,2020-03-28
CUST00297,Heather,Bates,1957-07-28,North West,Mass Market,2018-11-03
CUST00298,Teresa,Glover,1983-03-20,Yorkshire,Premier,2017-03-08
CUST00299,Dylan,Pearson,1942-10-15,Yorkshire,Mass Market,2026-05-17
CUST00300,Julie,Hope,1946-08-26,Wales,Mass Affluent,2021-07-14
CUST00301,Toby,Morris,1952-06-20,Scotland,Mass Market,2019-12-06
CUST00302,Wayne,Fitzgerald,2000-02-28,West Midlands,Mass Market,2022-09-27
CUST00303,Melanie,Knight,1959-01-23,Scotland,Mass Affluent,2019-04-25
CUST00304,Douglas,Johnston,2004-10-07,East of England,Mass Market,2024-09-17
CUST00305,Bryan,Morris,1963-07-26,London,Mass Market,2018-06-22
CUST00306,Jade,Robson,1950-02-04,Scotland,Mass Market,2020-05-08
CUST00307,Sian,Wood,2007-03-15,Scotland,Mass Market,2023-04-11
CUST00308,Nicole,Owen,1994-04-28,Yorkshire,Mass Market,2023-03-24
CUST00309,Stephen,Pritchard,1948-12-04,Yorkshire,Mass Market,2024-04-01
CUST00310,Laura,Davies,1986-04-09,Yorkshire,Mass Market,2020-12-22
CUST00311,Fiona,Palmer,1983-12-21,East of England,Mass Market,2022-11-01
CUST00312,Raymond,Davies,1972-08-07,Wales,Mass Market,2016-12-09
CUST00313,Jasmine,Young,1978-09-20,Scotland,Mass Market,2022-02-04
CUST00314,Kathryn,Quinn,1944-10-26,North West,Mass Market,2024-05-30
CUST00315,Beth,Atkins,1968-04-20,East of England,Mass Market,2018-07-01
CUST00316,Bradley,Thomas,1943-01-18,Wales,Student,2021-09-10
CUST00317,Valerie,Clark,1956-06-29,Scotland,Mass Market,2025-08-29
CUST00318,Barry,McCarthy,1965-10-06,Yorkshire,Mass Market,2025-09-14
CUST00319,Samantha,Fox,1989-12-17,London,Mass Affluent,2019-02-22
CUST00320,Elizabeth,Waters,1997-04-01,North West,Mass Market,2024-11-02
CUST00321,Amber,Miles,2005-04-08,London,Mass Affluent,2021-04-10
CUST00322,Ryan,Marshall,1955-04-21,North West,Mass Affluent,2024-01-22
CUST00323,Louise,Watson,1998-09-24,East of England,Mass Market,2022-09-07
CUST00324,Nigel,Robinson,1965-07-07,London,Mass Affluent,2025-10-11
CUST00325,Leah,Evans,1967-08-11,East of England,Mass Market,2021-03-17
CUST00326,Karl,Morgan,2005-02-04,Yorkshire,Mass Market,2024-04-01
CUST00327,George,Adams,1984-03-08,London,Mass Market,2016-11-16
CUST00328,Adam,Fitzgerald,1957-02-02,East of England,Mass Market,2018-08-28
CUST00329,Anna,Martin,1996-12-26,South East,Mass Market,2025-12-10
CUST00330,Gavin,Grant,1995-11-05,South East,Mass Affluent,2020-06-23
CUST00331,Hugh,Russell,1994-03-08,London,Mass Market,2016-07-24
CUST00332,Martyn,Taylor,1950-05-13,Wales,Mass Market,2018-09-22
CUST00333,Sheila,Smith,1952-05-23,Scotland,Mass Market,2018-05-21
CUST00334,Irene,Taylor,1949-06-26,West Midlands,Mass Affluent,2016-10-07
CUST00335,Sarah,Pearson,1956-09-15,Scotland,Premier,2022-01-08
CUST00336,Andrew,Coleman,1944-01-31,West Midlands,Mass Market,2018-09-02
CUST00337,Emily,Carey,1991-04-05,East of England,Mass Market,2017-08-05
CUST00338,Alice,Parkin,1965-02-25,West Midlands,Mass Market,2025-03-31
CUST00339,Jenna,Griffiths,1974-10-20,London,Mass Affluent,2020-04-13
CUST00340,Jayne,Thomas,1993-10-25,South East,Student,2025-05-21
CUST00341,Josh,Murphy,2006-02-13,Scotland,Mass Affluent,2017-01-16
CUST00342,Benjamin,Watkins,1998-03-05,Wales,Mass Affluent,2023-05-07
CUST00343,Rachel,Vincent,1973-11-17,North West,Mass Market,2024-01-23
CUST00344,Liam,Sutton,1962-06-09,South East,Mass Market,2019-01-14
CUST00345,Gary,Clarke,1983-01-01,West Midlands,Mass Market,2025-11-04
CUST00346,Victor,Palmer,1981-03-03,East of England,Mass Market,2025-07-16
CUST00347,Billy,Price,1981-09-18,Scotland,Mass Market,2023-11-01
CUST00348,Nigel,James,1948-04-20,Wales,Mass Affluent,2025-11-22
CUST00349,Robin,Sykes,2000-12-13,East of England,Mass Market,2020-05-26
CUST00350,Amy,Cook,1971-05-18,Scotland,Student,2023-04-19
CUST00351,Elizabeth,Elliott,1961-10-14,Scotland,Mass Market,2023-10-10
CUST00352,Terry,King,1965-12-27,Scotland,Mass Affluent,2019-02-10
CUST00353,Joyce,Preston,1945-01-31,Wales,Premier,2018-01-24
CUST00354,Graham,Green,1947-02-02,South East,Mass Market,2022-11-08
CUST00355,Callum,Humphreys,1980-06-04,Wales,Mass Affluent,2026-01-25
CUST00356,Chelsea,Sheppard,1948-11-01,Wales,Mass Market,2023-07-03
CUST00357,Owen,Wong,2004-07-23,East of England,Mass Affluent,2023-09-17
CUST00358,Lee,Morgan,1981-05-17,West Midlands,Student,2021-10-30
CUST00359,Jay,Webb,1975-01-17,East of England,Mass Market,2020-02-18
CUST00360,Dean,Moss,1955-10-11,London,Student,2018-05-10
CUST00361,Bruce,Brady,1965-07-12,Yorkshire,Mass Affluent,2018-06-20
CUST00362,Ricky,Allen,1995-06-13,London,Mass Market,2023-10-25
CUST00363,Chelsea,Simpson,1996-03-18,London,Student,2025-12-26
CUST00364,Richard,John,1985-04-13,Wales,Mass Affluent,2021-01-23
CUST00365,Matthew,Gardner,1988-05-02,North West,Mass Market,2021-10-08
CUST00366,Declan,Dodd,1952-11-10,East of England,Student,2018-12-14
CUST00367,Anna,Moss,1945-04-02,North West,Student,2018-12-05
CUST00368,Ashleigh,Page,1946-10-05,West Midlands,Mass Affluent,2025-07-16
CUST00369,Robin,Patel,1971-05-22,East of England,Student,2022-04-25
CUST00370,Charles,Middleton,1989-08-15,East of England,Mass Market,2022-01-12
CUST00371,Kirsty,Anderson,2000-08-17,Yorkshire,Mass Market,2017-05-29
CUST00372,Dean,Fraser,1982-07-24,South East,Student,2017-05-12
CUST00373,Frances,Reeves,1970-09-02,Yorkshire,Mass Market,2023-09-23
CUST00374,Danielle,Jenkins,1968-09-13,East of England,Mass Market,2021-02-28
CUST00375,Robin,Mitchell,1948-04-05,West Midlands,Premier,2022-05-21
CUST00376,Sharon,Griffiths,1986-09-02,London,Mass Market,2024-10-16
CUST00377,Kerry,King,1943-08-10,Yorkshire,Mass Market,2020-04-07
CUST00378,Hannah,Robinson,1944-03-30,South East,Student,2016-08-23
CUST00379,Dennis,Atkins,1954-11-22,West Midlands,Student,2018-11-06
CUST00380,Conor,Harris,1948-09-06,London,Mass Affluent,2016-08-24
CUST00381,Jean,Morris,1952-06-21,East of England,Mass Market,2018-09-17
CUST00382,Jessica,Kent,1956-03-05,Scotland,Mass Affluent,2025-01-09
CUST00383,Yvonne,Lee,1995-05-19,East of England,Mass Affluent,2022-07-16
CUST00384,Steven,Frost,1991-01-05,London,Mass Market,2017-03-26
CUST00385,Amanda,Brown,2003-03-15,North West,Student,2017-11-02
CUST00386,Terry,Allen,1979-07-15,East of England,Student,2023-05-24
CUST00387,Carolyn,Hart,1960-03-20,East of England,Mass Market,2018-06-22
CUST00388,Carol,Brown,1962-08-14,Scotland,Mass Affluent,2019-06-09
CUST00389,Marian,Nicholls,1987-06-12,Wales,Mass Affluent,2022-09-02
CUST00390,Craig,Williams,1947-09-21,West Midlands,Mass Market,2020-08-26
CUST00391,Amanda,Fox,1976-03-04,South East,Mass Market,2017-11-07
CUST00392,Hannah,Taylor,1991-04-09,South East,Mass Affluent,2022-04-16
CUST00393,Ross,Ross,1951-12-16,North West,Mass Market,2017-10-24
CUST00394,Denise,Parkinson,1976-08-16,Wales,Mass Affluent,2025-03-10
CUST00395,Gordon,Howe,1964-04-16,Wales,Mass Market,2022-06-27
CUST00396,Leah,Sharp,1956-08-05,East of England,Student,2018-04-06
CUST00397,Jacob,Smith,1952-04-28,Scotland,Mass Market,2019-02-11
CUST00398,Abbie,Tucker,2005-04-02,North West,Mass Market,2024-12-02
CUST00399,Gillian,Mitchell,1992-03-23,North West,Student,2026-05-16
CUST00400,Lucy,Davies,2000-07-16,Wales,Premier,2026-02-12
CUST00401,Carly,Woods,1983-01-06,West Midlands,Mass Market,2022-01-05
CUST00402,Teresa,Saunders,1970-06-11,Wales,Premier,2017-09-04
CUST00403,Pauline,Williams,1961-02-14,Wales,Mass Affluent,2021-03-09
CUST00404,Marie,George,1975-01-15,East of England,Student,2017-10-11
CUST00405,Dylan,Hall,1943-01-28,East of England,Mass Affluent,2017-06-25
CUST00406,Laura,Lee,1945-09-27,Yorkshire,Mass Market,2018-01-19
CUST00407,Jayne,Wright,1966-09-06,West Midlands,Mass Market,2024-05-21
CUST00408,Kimberley,Naylor,1994-05-26,Yorkshire,Student,2017-03-18
CUST00409,Barbara,Walker,1979-06-02,Scotland,Mass Affluent,2019-09-19
CUST00410,Danny,Butler,1974-08-20,Scotland,Student,2019-01-30
CUST00411,Benjamin,Price,1995-09-14,West Midlands,Mass Market,2022-05-11
CUST00412,Graham,Pollard,1952-04-04,East of England,Mass Affluent,2017-03-07
CUST00413,Louis,Goddard,2007-12-15,West Midlands,Mass Market,2023-12-28
CUST00414,Judith,Norris,1951-04-27,North West,Mass Market,2022-09-15
CUST00415,Christine,Bell,1966-11-18,London,Mass Market,2023-06-21
CUST00416,Declan,Davies,1944-01-30,Yorkshire,Student,2022-03-17
CUST00417,Gary,Sheppard,1978-06-27,East of England,Mass Market,2023-02-03
CUST00418,Glen,Smith,1998-06-19,East of England,Mass Market,2019-01-27
CUST00419,Brett,Reeves,1985-09-04,North West,Mass Market,2018-12-02
CUST00420,Bruce,Gordon,1985-02-28,North West,Mass Market,2023-03-08
CUST00421,Callum,Wright,2004-05-07,Wales,Mass Market,2017-12-15
CUST00422,Dylan,Moore,1984-04-22,West Midlands,Mass Affluent,2022-02-07
CUST00423,Scott,Davies,1996-12-04,Yorkshire,Student,2025-06-20
CUST00424,Colin,Willis,1969-04-30,West Midlands,Student,2025-03-01
CUST00425,Linda,Brown,1961-07-14,East of England,Student,2019-08-01
CUST00426,Allan,Cook,1992-08-26,London,Mass Affluent,2024-10-14
CUST00427,Alex,Wilson,1949-11-17,Scotland,Mass Affluent,2019-02-24
CUST00428,Martin,Doyle,1994-02-23,Wales,Student,2018-03-27
CUST00429,Kathleen,Welch,1997-05-07,South East,Mass Market,2025-06-21
CUST00430,Ian,Adams,2000-02-26,South East,Premier,2018-09-29
CUST00431,Jodie,Patel,1951-07-23,South East,Mass Market,2019-08-04
CUST00432,Hazel,Vaughan,1995-07-28,Wales,Student,2019-05-01
CUST00433,Jennifer,Thomas,1965-04-22,London,Mass Market,2020-07-21
CUST00434,Louise,Morrison,1991-09-19,London,Mass Market,2024-02-25
CUST00435,Donald,Wilkinson,1961-07-29,Yorkshire,Mass Market,2024-06-29
CUST00436,Gordon,Chan,2004-12-20,Scotland,Mass Affluent,2026-03-21
CUST00437,Chloe,Hall,1959-09-10,North West,Mass Market,2023-01-04
CUST00438,Stephanie,Hill,2006-04-09,South East,Mass Affluent,2019-04-09
CUST00439,Marc,Roberts,1949-12-07,West Midlands,Mass Affluent,2020-10-07
CUST00440,Lee,Hart,2000-01-01,Scotland,Mass Market,2022-10-30
CUST00441,Andrea,McDonald,1988-12-04,North West,Mass Market,2025-04-16
CUST00442,Harry,Kirby,1992-06-12,Wales,Mass Market,2019-03-30
CUST00443,Abdul,Patterson,1975-06-14,London,Student,2019-01-08
CUST00444,Amanda,Green,2002-06-23,East of England,Student,2020-04-16
CUST00445,Barbara,Young,2003-11-02,North West,Mass Market,2016-12-19
CUST00446,Elizabeth,Manning,1974-09-05,Yorkshire,Student,2022-11-16
CUST00447,Damian,Cooper,1946-01-26,Wales,Mass Affluent,2022-11-22
CUST00448,Francis,Day,2003-11-10,West Midlands,Mass Affluent,2018-03-14
CUST00449,Francesca,Goodwin,1950-06-16,East of England,Premier,2018-11-09
CUST00450,Ian,Hussain,1996-12-24,Scotland,Student,2024-07-20
CUST00451,Bethan,Holden,1992-02-27,East of England,Mass Market,2024-06-29
CUST00452,Lucy,Richards,2002-02-28,West Midlands,Mass Affluent,2017-11-11
CUST00453,Jack,Smith,1997-05-03,Wales,Student,2019-01-22
CUST00454,Lorraine,Singh,1981-12-13,Wales,Mass Market,2025-06-29
CUST00455,Mary,Griffiths,1960-02-14,West Midlands,Mass Market,2020-07-22
CUST00456,Josh,Blake,1956-09-28,London,Student,2023-08-28
CUST00457,Ruth,James,1971-08-16,East of England,Premier,2017-08-01
CUST00458,Jamie,Lee,1974-07-13,Wales,Premier,2025-08-19
CUST00459,Andrew,Mistry,1979-08-25,Scotland,Mass Affluent,2020-08-18
CUST00460,Gareth,Harris,1940-08-15,Yorkshire,Mass Market,2022-07-08
CUST00461,Cameron,Tyler,1953-04-06,Scotland,Mass Affluent,2017-12-20
CUST00462,Judith,Simpson,1945-02-14,North West,Mass Affluent,2025-06-18
CUST00463,Paige,O'Sullivan,2007-10-10,London,Mass Market,2025-02-24
CUST00464,Andrea,Brown,1999-12-12,East of England,Mass Market,2024-07-06
CUST00465,Samuel,Woods,2007-04-11,Yorkshire,Mass Affluent,2022-11-12
CUST00466,Howard,Morris,1964-10-25,South East,Student,2017-08-30
CUST00467,Leigh,Smith,1985-03-26,Yorkshire,Mass Affluent,2018-04-12
CUST00468,Kimberley,Newman,1963-02-22,North West,Mass Market,2018-10-13
CUST00469,Samuel,Parsons,1963-07-22,Yorkshire,Mass Affluent,2019-06-29
CUST00470,Lydia,Hall,1987-11-02,Wales,Premier,2024-08-27
CUST00471,Julia,Clayton,1949-09-10,Wales,Student,2017-08-03
CUST00472,Clare,Sims,1954-03-27,East of England,Student,2017-04-05
CUST00473,Marc,Young,1961-12-29,Wales,Mass Affluent,2021-10-15
CUST00474,Katherine,Matthews,1996-01-03,Yorkshire,Premier,2025-10-02
CUST00475,Elaine,Smith,1991-10-12,East of England,Student,2019-10-07
CUST00476,Mitchell,Evans,1993-08-26,North West,Premier,2017-04-30
CUST00477,Abbie,Ross,1948-12-26,Scotland,Student,2022-10-10
CUST00478,Amanda,Ball,1991-02-06,West Midlands,Student,2023-12-30
CUST00479,Emma,Cook,1953-03-25,Yorkshire,Mass Market,2024-12-15
CUST00480,Hazel,Stephenson,2003-06-01,West Midlands,Mass Market,2025-05-07
CUST00481,Vincent,Roberts,1989-12-29,South East,Mass Market,2023-09-26
CUST00482,Jason,Crawford,2008-03-26,Wales,Mass Affluent,2019-08-02
CUST00483,Janice,Harris,1947-07-02,Yorkshire,Mass Market,2017-11-16
CUST00484,Toby,Benson,1961-05-16,Scotland,Mass Market,2024-02-06
CUST00485,Mandy,Edwards,1951-11-09,Yorkshire,Student,2024-01-25
CUST00486,Bruce,Williams,1989-12-23,Scotland,Mass Affluent,2022-07-06
CUST00487,Jayne,Turner,1959-03-15,East of England,Student,2017-06-28
CUST00488,Keith,Davies,1968-02-28,Wales,Mass Affluent,2022-09-11
CUST00489,Sally,Roberts,1986-10-01,South East,Mass Market,2019-03-28
CUST00490,Robert,Wilkins,1981-11-11,London,Mass Market,2023-12-20
CUST00491,Joshua,Clarke,1956-07-29,East of England,Mass Market,2022-09-30
CUST00492,Linda,Cooper,1979-02-12,Scotland,Student,2017-01-24
CUST00493,Rachael,Dyer,1971-02-18,North West,Mass Market,2022-10-29
CUST00494,Christine,Williams,1945-09-30,Yorkshire,Mass Affluent,2026-04-12
CUST00495,Ashley,Hill,1967-08-09,West Midlands,Mass Affluent,2021-11-11
CUST00496,Francesca,White,2005-11-17,North West,Student,2018-06-11
CUST00497,Richard,Newman,1974-06-23,South East,Premier,2025-04-28
CUST00498,Charlotte,Johnston,1948-07-12,West Midlands,Student,2020-12-19
CUST00499,Elliot,Campbell,1955-02-13,Wales,Mass Market,2021-05-16
CUST00500,Annette,Bell,1973-12-10,Yorkshire,Mass Market,2019-12-02
